name,photo_url,personality,species,catch_phrase
Admiral,https://vignette.wikia.nocookie.net/animalcrossing/images/5/52/NH-Admiral_poster.png/revision/latest?cb=20200522013249,Cranky,Bird,"aye aye"
Agent S,https://vignette.wikia.nocookie.net/animalcrossing/images/d/dd/NH-Agent_S_poster.png/revision/latest?cb=20200410184209,Peppy,Squirrel,"sidekick"
Agnes,https://vignette.wikia.nocookie.net/animalcrossing/images/e/e8/NH-Agnes_poster.png/revision/latest?cb=20200410185748,Sisterly,Pig,"snuffle"
Al,https://vignette.wikia.nocookie.net/animalcrossing/images/9/90/NH-Al_poster.png/revision/latest?cb=20200522013430,Lazy,Gorilla,"ayyeeee"
Alfonso,https://vignette.wikia.nocookie.net/animalcrossing/images/0/0d/NH-Alfonso_poster.png/revision/latest?cb=20200522013539,Lazy,Alligator,"it'sa me"
Alice,https://vignette.wikia.nocookie.net/animalcrossing/images/9/96/NH-Alice_poster.png/revision/latest?cb=20200522013639,Normal,Koala,"guvnor"
Alli,https://vignette.wikia.nocookie.net/animalcrossing/images/e/e8/NH-Alli_poster.png/revision/latest?cb=20200522013709,Snooty,Alligator,"graaagh"
Amelia,https://vignette.wikia.nocookie.net/animalcrossing/images/9/9d/NH-Amelia_poster.png/revision/latest?cb=20200410191249,Snooty,Eagle,"cuz"
Anabelle,https://vignette.wikia.nocookie.net/animalcrossing/images/b/bd/NH-Anabelle_poster.png/revision/latest?cb=20200522013805,Peppy,Anteater,"snorty"
Anchovy,https://vignette.wikia.nocookie.net/animalcrossing/images/f/fc/NH-Anchovy_poster.png/revision/latest?cb=20200522013831,Lazy,Bird,"chuurp"
Angus,https://vignette.wikia.nocookie.net/animalcrossing/images/e/e9/NH-Angus_poster.png/revision/latest?cb=20200522013857,Cranky,Bull,"macmoo"
Anicotti,https://vignette.wikia.nocookie.net/animalcrossing/images/e/e1/NH-Anicotti_poster.png/revision/latest?cb=20200410192311,Peppy,Mouse,"cannoli"
Ankha,https://vignette.wikia.nocookie.net/animalcrossing/images/9/9a/NH-Ankha_poster.png/revision/latest?cb=20200410182618,Snooty,Cat,"me meow"
Annalisa,https://vignette.wikia.nocookie.net/animalcrossing/images/6/64/NH-Annalisa_poster.png/revision/latest?cb=20200522013931,Normal,Anteater,"gumdrop"
Annalise,https://vignette.wikia.nocookie.net/animalcrossing/images/2/26/NH-Annalise_poster.png/revision/latest?cb=20200522013957,Snooty,Horse,"nipper"
Antonio,https://vignette.wikia.nocookie.net/animalcrossing/images/d/d0/NH-Antonio_poster.png/revision/latest?cb=20200522014023,Jock,Anteater,"honk"
Apollo,https://vignette.wikia.nocookie.net/animalcrossing/images/7/78/NH-Apollo_poster.png/revision/latest?cb=20200410191419,Cranky,Eagle,"pah"
Apple,https://vignette.wikia.nocookie.net/animalcrossing/images/3/37/NH-Apple_poster.png/revision/latest?cb=20200522014055,Peppy,Hamster,"cheekers"
Astrid,https://vignette.wikia.nocookie.net/animalcrossing/images/3/3f/NH-Astrid_poster.png/revision/latest?cb=20200522014120,Snooty,Kangaroo,"my pet"
Audie,https://vignette.wikia.nocookie.net/animalcrossing/images/a/ac/NH-Audie_poster.png/revision/latest?cb=20200410183255,Peppy,Wolf,"foxtrot"
Aurora,https://vignette.wikia.nocookie.net/animalcrossing/images/3/33/NH-Aurora_poster.png/revision/latest?cb=20200410190924,Normal,Penguin,"b-b-baby"
Ava,https://vignette.wikia.nocookie.net/animalcrossing/images/2/25/NH-Ava_poster.png/revision/latest?cb=20200522014146,Normal,Chicken,"beaker"
Avery,https://vignette.wikia.nocookie.net/animalcrossing/images/9/95/NH-Avery_poster.png/revision/latest?cb=20200410191139,Cranky,Eagle,"skree-haw"
Axel,https://vignette.wikia.nocookie.net/animalcrossing/images/c/c5/NH-Axel_poster.png/revision/latest?cb=20200522014220,Jock,Elephant,"WHONK"
Baabara,https://vignette.wikia.nocookie.net/animalcrossing/images/d/d0/NH-Baabara_poster.png/revision/latest?cb=20200410184807,Snooty,Sheep,"daahling"
Bam,https://vignette.wikia.nocookie.net/animalcrossing/images/b/b2/NH-Bam_poster.png/revision/latest?cb=20200522020326,Jock,Deer,"kablang"
Bangle,https://vignette.wikia.nocookie.net/animalcrossing/images/c/c7/NH-Bangle_poster.png/revision/latest?cb=20200410183706,Peppy,Tiger,"growf"
Barold,https://vignette.wikia.nocookie.net/animalcrossing/images/9/99/NH-Barold_poster.png/revision/latest?cb=20200522020415,Lazy,Cub,"cubby"
Bea,https://vignette.wikia.nocookie.net/animalcrossing/images/c/ca/NH-Bea_poster.png/revision/latest?cb=20200522020603,Normal,Dog,"bingo"
Beardo,https://vignette.wikia.nocookie.net/animalcrossing/images/c/c7/NH-Beardo_poster.png/revision/latest?cb=20200522020636,Smug,Bear,"whiskers"
Beau,https://vignette.wikia.nocookie.net/animalcrossing/images/2/2a/NH-Beau_poster.png/revision/latest?cb=20200522020451,Lazy,Deer,"saltlick"
Becky,https://vignette.wikia.nocookie.net/animalcrossing/images/e/ec/NH-Becky_poster.png/revision/latest?cb=20200522020704,Snooty,Chicken,"chicklet"
Bella,https://vignette.wikia.nocookie.net/animalcrossing/images/1/1e/NH-Bella_poster.png/revision/latest?cb=20200410192458,Peppy,Mouse,"eeks"
Benedict,https://vignette.wikia.nocookie.net/animalcrossing/images/0/0e/NH-Benedict_poster.png/revision/latest?cb=20200522020807,Lazy,Chicken,"uh-hoo"
Benjamin,https://vignette.wikia.nocookie.net/animalcrossing/images/5/5f/NH-Benjamin_poster.png/revision/latest?cb=20200522021534,Lazy,Dog,"alrighty"
Bertha,https://vignette.wikia.nocookie.net/animalcrossing/images/3/3f/NH-Bertha_poster.png/revision/latest?cb=20200522021717,Normal,Hippo,"bloop"
Bettina,https://vignette.wikia.nocookie.net/animalcrossing/images/a/a9/NH-Bettina_poster.png/revision/latest?cb=20200410192221,Normal,Mouse,"eekers"
Bianca,https://vignette.wikia.nocookie.net/animalcrossing/images/e/e2/NH-Bianca_poster.png/revision/latest?cb=20200410183555,Peppy,Tiger,"glimmer"
Biff,https://vignette.wikia.nocookie.net/animalcrossing/images/2/2c/NH-Biff_poster.png/revision/latest?cb=20200522022022,Jock,Hippo,"squirt"
Big Top,https://vignette.wikia.nocookie.net/animalcrossing/images/c/ca/NH-Big_Top_poster.png/revision/latest?cb=20200522022102,Lazy,Elephant,"villain"
Bill,https://vignette.wikia.nocookie.net/animalcrossing/images/4/4c/NH-Bill_poster.png/revision/latest?cb=20200522022341,Jock,Duck,"quacko"
Billy,https://vignette.wikia.nocookie.net/animalcrossing/images/d/d3/NH-Billy_poster.png/revision/latest?cb=20200522022646,Jock,Goat,"dagnaabit"
Biskit,https://vignette.wikia.nocookie.net/animalcrossing/images/c/c8/NH-Biskit_poster.png/revision/latest?cb=20200522023459,Lazy,Dog,"dawg"
Bitty,https://vignette.wikia.nocookie.net/animalcrossing/images/7/7c/NH-Bitty_poster.png/revision/latest?cb=20200522023552,Snooty,Hippo,"my dear"
Blaire,https://vignette.wikia.nocookie.net/animalcrossing/images/f/f3/NH-Blaire_poster.png/revision/latest?cb=20200410184330,Snooty,Squirrel,"nutlet"
Blanche,https://vignette.wikia.nocookie.net/animalcrossing/images/1/18/NH-Blanche_poster.png/revision/latest?cb=20200410191641,Snooty,Ostrich,"quite so"
Bluebear,https://vignette.wikia.nocookie.net/animalcrossing/images/5/50/NH-Bluebear_poster.png/revision/latest?cb=20200522023616,Peppy,Cub,"peach"
Bob,https://vignette.wikia.nocookie.net/animalcrossing/images/1/14/NH-Bob_poster.png/revision/latest?cb=20200410181927,Lazy,Cat,"pthhpth"
Bonbon,https://vignette.wikia.nocookie.net/animalcrossing/images/7/75/NH-Bonbon_poster.png/revision/latest?cb=20200410185137,Peppy,Rabbit,"deelish"
Bones,https://vignette.wikia.nocookie.net/animalcrossing/images/9/91/NH-Bones_poster.png/revision/latest?cb=20200522023638,Lazy,Dog,"yip yip"
Boomer,https://vignette.wikia.nocookie.net/animalcrossing/images/1/12/NH-Boomer_poster.png/revision/latest?cb=20200410190457,Lazy,Penguin,"human"
Boone,https://vignette.wikia.nocookie.net/animalcrossing/images/9/9c/NH-Boone_poster.png/revision/latest?cb=20200522023703,Jock,Gorilla,"baboom"
Boots,https://vignette.wikia.nocookie.net/animalcrossing/images/f/f3/NH-Boots_poster.png/revision/latest?cb=20200522023756,Jock,Alligator,"munchie"
Boris,https://vignette.wikia.nocookie.net/animalcrossing/images/5/54/NH-Boris_poster.png/revision/latest?cb=20200410190014,Cranky,Pig,"schnort"
Boyd,https://vignette.wikia.nocookie.net/animalcrossing/images/9/9d/NH-Boyd_poster.png/revision/latest?cb=20200522023834,Cranky,Gorilla,"uh-oh"
Bree,https://vignette.wikia.nocookie.net/animalcrossing/images/4/42/NH-Bree_poster.png/revision/latest?cb=20200410192442,Snooty,Mouse,"cheeseball"
Broccolo,https://vignette.wikia.nocookie.net/animalcrossing/images/1/10/NH-Broccolo_poster.png/revision/latest?cb=20200410192254,Lazy,Mouse,"eat it"
Broffina,https://vignette.wikia.nocookie.net/animalcrossing/images/c/c9/NH-Broffina_poster.png/revision/latest?cb=20200522024006,Snooty,Chicken,"cluckadoo"
Bruce,https://vignette.wikia.nocookie.net/animalcrossing/images/6/6d/NH-Bruce_poster.png/revision/latest?cb=20200522023923,Cranky,Deer,"gruff"
Bubbles,https://vignette.wikia.nocookie.net/animalcrossing/images/8/8d/NH-Bubbles_poster.png/revision/latest?cb=20200522024110,Peppy,Hippo,"hipster"
Buck,https://vignette.wikia.nocookie.net/animalcrossing/images/b/b2/NH-Buck_poster.png/revision/latest?cb=20200522024142,Jock,Horse,"pardner"
Bud,https://vignette.wikia.nocookie.net/animalcrossing/images/a/ab/NH-Bud_poster.png/revision/latest?cb=20200522024206,Jock,Lion,"shredded"
Bunnie,https://vignette.wikia.nocookie.net/animalcrossing/images/8/83/NH-Bunnie_poster.png/revision/latest?cb=20200410185724,Peppy,Rabbit,"tee-hee"
Butch,https://vignette.wikia.nocookie.net/animalcrossing/images/9/9a/NH-Butch_poster.png/revision/latest?cb=20200522024229,Cranky,Dog,"ROOOOOWF"
Buzz,https://vignette.wikia.nocookie.net/animalcrossing/images/f/f2/NH-Buzz_poster.png/revision/latest?cb=20200410191156,Cranky,Eagle,"captain"
Cally,https://vignette.wikia.nocookie.net/animalcrossing/images/0/01/NH-Cally_poster.png/revision/latest?cb=20200410184015,Normal,Squirrel,"WHEE"
Camofrog,https://vignette.wikia.nocookie.net/animalcrossing/images/9/91/NH-Camofrog_poster.png/revision/latest?cb=20200522045135,Cranky,Frog,"ten-hut"
Canberra,https://vignette.wikia.nocookie.net/animalcrossing/images/f/fd/NH-Canberra_poster.png/revision/latest?cb=20200522045240,Sisterly,Koala,"nuh uh"
Candi,https://vignette.wikia.nocookie.net/animalcrossing/images/c/ce/NH-Candi_poster.png/revision/latest?cb=20200410192349,Peppy,Mouse,"sweetie"
Carmen,https://vignette.wikia.nocookie.net/animalcrossing/images/1/1b/NH-Carmen_poster.png/revision/latest?cb=20200410185152,Peppy,Rabbit,"nougat"
Caroline,https://vignette.wikia.nocookie.net/animalcrossing/images/a/a5/NH-Caroline_poster.png/revision/latest?cb=20200410184152,Normal,Squirrel,"hulaaaa"
Carrie,https://vignette.wikia.nocookie.net/animalcrossing/images/0/0d/NH-Carrie_poster.png/revision/latest?cb=20200522045312,Normal,Kangaroo,"little one"
Cashmere,https://vignette.wikia.nocookie.net/animalcrossing/images/8/8a/NH-Cashmere_poster.png/revision/latest?cb=20200410184707,Snooty,Sheep,"baaaby"
Celia,https://vignette.wikia.nocookie.net/animalcrossing/images/8/8a/NH-Celia_poster.png/revision/latest?cb=20200522045441,Normal,Eagle,"feathers"
Cesar,https://vignette.wikia.nocookie.net/animalcrossing/images/f/fd/NH-Cesar_poster.png/revision/latest?cb=20200522045504,Cranky,Gorilla,"highness"
Chadder,https://vignette.wikia.nocookie.net/animalcrossing/images/3/33/NH-Chadder_poster.png/revision/latest?cb=20200410192119,Smug,Mouse,"fromage"
Charlise,https://vignette.wikia.nocookie.net/animalcrossing/images/7/71/NH-Charlise_poster.png/revision/latest?cb=20200522045539,Sisterly,Bear,"urgh"
Cheri,https://vignette.wikia.nocookie.net/animalcrossing/images/5/5c/NH-Cheri_poster.png/revision/latest?cb=20200522045610,Peppy,Cub,"tralala"
Cherry,https://vignette.wikia.nocookie.net/animalcrossing/images/6/6e/NH-Cherry_poster.png/revision/latest?cb=20200522045634,Sisterly,Dog,"what what"
Chester,https://vignette.wikia.nocookie.net/animalcrossing/images/c/cf/NH-Chester_poster.png/revision/latest?cb=20200522045921,Lazy,Cub,"rookie"
Chevre,https://vignette.wikia.nocookie.net/animalcrossing/images/f/f4/NH-Chevre_poster.png/revision/latest?cb=20200522045944,Normal,Goat,"la baa"
Chief,https://vignette.wikia.nocookie.net/animalcrossing/images/5/56/NH-Chief_poster.png/revision/latest?cb=20200410183536,Cranky,Wolf,"harrumph"
Chops,https://vignette.wikia.nocookie.net/animalcrossing/images/6/6d/NH-Chops_poster.png/revision/latest?cb=20200410185841,Smug,Pig,"zoink"
Chow,https://vignette.wikia.nocookie.net/animalcrossing/images/b/b7/NH-Chow_poster.png/revision/latest?cb=20200522050009,Cranky,Bear,"aiya"
Chrissy,https://vignette.wikia.nocookie.net/animalcrossing/images/1/1f/NH-Chrissy_poster.png/revision/latest?cb=20200410185303,Peppy,Rabbit,"sparkles"
Claude,https://vignette.wikia.nocookie.net/animalcrossing/images/1/19/NH-Claude_poster.png/revision/latest?cb=20200410185347,Lazy,Rabbit,"hopalong"
Claudia,https://vignette.wikia.nocookie.net/animalcrossing/images/b/b1/NH-Claudia_poster.png/revision/latest?cb=20200410183623,Snooty,Tiger,"ooh la la"
Clay,https://vignette.wikia.nocookie.net/animalcrossing/images/0/0a/NH-Clay_poster.png/revision/latest?cb=20200522050111,Lazy,Hamster,"thump"
Cleo,https://vignette.wikia.nocookie.net/animalcrossing/images/5/5e/NH-Cleo_poster.png/revision/latest?cb=20200522050148,Snooty,Horse,"sugar"
Clyde,https://vignette.wikia.nocookie.net/animalcrossing/images/9/93/NH-Clyde_poster.png/revision/latest?cb=20200522050211,Lazy,Horse,"clip clawp"
Coach,https://vignette.wikia.nocookie.net/animalcrossing/images/a/a3/NH-Coach_poster.png/revision/latest?cb=20200522050254,Jock,Bull,"stubble"
Cobb,https://vignette.wikia.nocookie.net/animalcrossing/images/6/6d/NH-Cobb_poster.png/revision/latest?cb=20200410190041,Jock,Pig,"hot dog"
Coco,https://vignette.wikia.nocookie.net/animalcrossing/images/3/37/NH-Coco_poster.png/revision/latest?cb=20200410185633,Normal,Rabbit,"doyoing"
Cole,https://vignette.wikia.nocookie.net/animalcrossing/images/6/60/NH-Cole_poster.png/revision/latest?cb=20200410185107,Lazy,Rabbit,"coooooool"
Colton,https://vignette.wikia.nocookie.net/animalcrossing/images/0/04/NH-Colton_poster.png/revision/latest?cb=20200522050356,Smug,Horse,"check it"
Cookie,https://vignette.wikia.nocookie.net/animalcrossing/images/8/85/NH-Cookie_poster.png/revision/latest?cb=20200522050431,Peppy,Dog,"arfer"
Cousteau,https://vignette.wikia.nocookie.net/animalcrossing/images/4/41/NH-Cousteau_poster.png/revision/latest?cb=20200522050709,Jock,Frog,"oui oui"
Cranston,https://vignette.wikia.nocookie.net/animalcrossing/images/7/75/NH-Cranston_poster.png/revision/latest?cb=20200410191717,Lazy,Ostrich,"sweatband"
Croque,https://vignette.wikia.nocookie.net/animalcrossing/images/9/9a/NH-Croque_poster.png/revision/latest?cb=20200522050646,Cranky,Frog,"as if"
Cube,https://vignette.wikia.nocookie.net/animalcrossing/images/c/c6/NH-Cube_poster.png/revision/latest?cb=20200522050627,Lazy,Penguin,"brainfreeze"
Curlos,https://vignette.wikia.nocookie.net/animalcrossing/images/1/15/NH-Curlos_poster.png/revision/latest?cb=20200410184634,Smug,Sheep,"shearly"
Curly,https://vignette.wikia.nocookie.net/animalcrossing/images/1/14/NH-Curly_poster.png/revision/latest?cb=20200410190319,Jock,Pig,"nyoink"
Curt,https://vignette.wikia.nocookie.net/animalcrossing/images/e/ef/NH-Curt_poster.png/revision/latest?cb=20200522050603,Cranky,Bear,"fuzzball"
Cyd,https://vignette.wikia.nocookie.net/animalcrossing/images/9/9b/NH-Cyd_poster.png/revision/latest?cb=20200522050546,Cranky,Elephant,"rockin'"
Cyrano,https://vignette.wikia.nocookie.net/animalcrossing/images/6/65/NH-Cyrano_poster.png/revision/latest?cb=20200522050528,Cranky,Anteater,"ah-CHOO"
Daisy,https://vignette.wikia.nocookie.net/animalcrossing/images/a/a8/NH-Daisy_poster.png/revision/latest?cb=20200522052353,Normal,Dog,"bow-WOW"
Deena,https://vignette.wikia.nocookie.net/animalcrossing/images/f/f5/NH-Deena_poster.png/revision/latest?cb=20200522052417,Normal,Duck,"woowoo"
Deirdre,https://vignette.wikia.nocookie.net/animalcrossing/images/c/c0/NH-Deirdre_poster.png/revision/latest?cb=20200522052447,Sisterly,Deer,"whatevs"
Del,https://vignette.wikia.nocookie.net/animalcrossing/images/c/c2/NH-Del_poster.png/revision/latest?cb=20200522052532,Cranky,Alligator,"gronk"
Deli,https://vignette.wikia.nocookie.net/animalcrossing/images/0/03/NH-Deli_poster.png/revision/latest?cb=20200410192638,Lazy,Monkey,"monch"
Derwin,https://vignette.wikia.nocookie.net/animalcrossing/images/9/95/NH-Derwin_poster.png/revision/latest?cb=20200522052553,Lazy,Duck,"derrrrr"
Diana,https://vignette.wikia.nocookie.net/animalcrossing/images/1/10/NH-Diana_poster.png/revision/latest?cb=20200522052616,Snooty,Deer,"no doy"
Diva,https://vignette.wikia.nocookie.net/animalcrossing/images/e/e7/NH-Diva_poster.png/revision/latest?cb=20200522052648,Sisterly,Frog,"ya know"
Dizzy,https://vignette.wikia.nocookie.net/animalcrossing/images/6/65/NH-Dizzy_poster.png/revision/latest?cb=20200522052719,Lazy,Elephant,"woo-oo"
Dobie,https://vignette.wikia.nocookie.net/animalcrossing/images/9/90/NH-Dobie_poster.png/revision/latest?cb=20200410183359,Cranky,Wolf,"ohmmm"
Doc,https://vignette.wikia.nocookie.net/animalcrossing/images/5/52/NH-Doc_poster.png/revision/latest?cb=20200410185403,Lazy,Rabbit,"old bunny"
Dom,https://vignette.wikia.nocookie.net/animalcrossing/images/b/b2/NH-Dom_poster.png/revision/latest?cb=20200410184416,Jock,Sheep,"indeedaroo"
Dora,https://vignette.wikia.nocookie.net/animalcrossing/images/e/ed/NH-Dora_poster.png/revision/latest?cb=20200522052746,Normal,Mouse,"squeaky"
Dotty,https://vignette.wikia.nocookie.net/animalcrossing/images/7/72/NH-Dotty_poster.png/revision/latest?cb=20200410185658,Peppy,Rabbit,"wee one"
Drago,https://vignette.wikia.nocookie.net/animalcrossing/images/5/52/NH-Drago_poster.png/revision/latest?cb=20200522052808,Lazy,Alligator,"burrrn"
Drake,https://vignette.wikia.nocookie.net/animalcrossing/images/1/16/NH-Drake_poster.png/revision/latest?cb=20200522052837,Lazy,Duck,"quacko"
Drift,https://vignette.wikia.nocookie.net/animalcrossing/images/7/7f/NH-Drift_poster.png/revision/latest?cb=20200522053217,Jock,Frog,"dribbit"
Ed,https://vignette.wikia.nocookie.net/animalcrossing/images/2/20/NH-Ed_poster.png/revision/latest?cb=20200522053254,Smug,Horse,"greenhorn"
Egbert,https://vignette.wikia.nocookie.net/animalcrossing/images/d/d8/NH-Egbert_poster.png/revision/latest?cb=20200522053317,Lazy,Chicken,"doodle-duh"
Elise,https://vignette.wikia.nocookie.net/animalcrossing/images/c/cf/NH-Elise_poster.png/revision/latest?cb=20200522053343,Snooty,Monkey,"puh-lease"
Ellie,https://vignette.wikia.nocookie.net/animalcrossing/images/1/12/NH-Ellie_poster.png/revision/latest?cb=20200522053412,Normal,Elephant,"li'l one"
Elmer,https://vignette.wikia.nocookie.net/animalcrossing/images/a/a5/NH-Elmer_poster.png/revision/latest?cb=20200522053439,Lazy,Horse,"tenderfoot"
Eloise,https://vignette.wikia.nocookie.net/animalcrossing/images/d/d1/NH-Eloise_poster.png/revision/latest?cb=20200522053508,Snooty,Elephant,"tooooot"
Elvis,https://vignette.wikia.nocookie.net/animalcrossing/images/3/36/NH-Elvis_poster.png/revision/latest?cb=20200522053535,Cranky,Lion,"unh-hunh"
Erik,https://vignette.wikia.nocookie.net/animalcrossing/images/f/fc/NH-Erik_poster.png/revision/latest?cb=20200522053559,Lazy,Deer,"chow down"
Eugene,https://vignette.wikia.nocookie.net/animalcrossing/images/f/f7/NH-Eugene_poster.png/revision/latest?cb=20200410192826,Smug,Koala,"yeah buddy"
Eunice,https://vignette.wikia.nocookie.net/animalcrossing/images/a/a4/NH-Eunice_poster.png/revision/latest?cb=20200410184747,Normal,Sheep,"lambchop"
Fang,https://vignette.wikia.nocookie.net/animalcrossing/images/7/77/NH-Fang_poster.png/revision/latest?cb=20200410183143,Cranky,Wolf,"cha-chomp"
Fauna,https://vignette.wikia.nocookie.net/animalcrossing/images/b/b4/NH-Fauna_poster.png/revision/latest?cb=20200522053652,Normal,Deer,"dearie"
Felicity,https://vignette.wikia.nocookie.net/animalcrossing/images/8/80/NH-Felicity_poster.png/revision/latest?cb=20200410182504,Peppy,Cat,"mimimi"
Filbert,https://vignette.wikia.nocookie.net/animalcrossing/images/3/3e/NH-Filbert_poster.png/revision/latest?cb=20200410184309,Lazy,Squirrel,"bucko"
Flip,https://vignette.wikia.nocookie.net/animalcrossing/images/1/19/NH-Flip_poster.png/revision/latest?cb=20200522053720,Jock,Monkey,"rerack"
Flo,https://vignette.wikia.nocookie.net/animalcrossing/images/9/97/NH-Flo_poster.png/revision/latest?cb=20200410190352,Sisterly,Penguin,"cha"
Flora,https://vignette.wikia.nocookie.net/animalcrossing/images/4/46/NH-Flora_poster.png/revision/latest?cb=20200410191616,Peppy,Ostrich,"pinky"
Flurry,https://vignette.wikia.nocookie.net/animalcrossing/images/a/a3/NH-Flurry_poster.png/revision/latest?cb=20200522053750,Normal,Hamster,"powderpuff"
Francine,https://vignette.wikia.nocookie.net/animalcrossing/images/a/a1/NH-Francine_poster.png/revision/latest?cb=20200410185321,Snooty,Rabbit,"karat"
Frank,https://vignette.wikia.nocookie.net/animalcrossing/images/8/86/NH-Frank_poster.png/revision/latest?cb=20200410191050,Cranky,Eagle,"crushy"
Freckles,https://vignette.wikia.nocookie.net/animalcrossing/images/e/ea/NH-Freckles_poster.png/revision/latest?cb=20200522053826,Peppy,Duck,"ducky"
Freya,https://vignette.wikia.nocookie.net/animalcrossing/images/1/19/NH-Freya_poster.png/revision/latest?cb=20200410183241,Snooty,Wolf,"uff da"
Friga,https://vignette.wikia.nocookie.net/animalcrossing/images/7/75/NH-Friga_poster.png/revision/latest?cb=20200410190835,Snooty,Penguin,"brrmph"
Frita,https://vignette.wikia.nocookie.net/animalcrossing/images/5/5e/NH-Frita_poster.png/revision/latest?cb=20200410184508,Sisterly,Sheep,"oh ewe"
Frobert,https://vignette.wikia.nocookie.net/animalcrossing/images/5/5a/NH-Frobert_poster.png/revision/latest?cb=20200522053855,Jock,Frog,"fribbit"
Fuchsia,https://vignette.wikia.nocookie.net/animalcrossing/images/b/bf/NH-Fuchsia_poster.png/revision/latest?cb=20200522053932,Sisterly,Deer,"precious"
Gabi,https://vignette.wikia.nocookie.net/animalcrossing/images/8/8b/NH-Gabi_poster.png/revision/latest?cb=20200410185547,Peppy,Rabbit,"honeybun"
Gala,https://vignette.wikia.nocookie.net/animalcrossing/images/8/87/NH-Gala_poster.png/revision/latest?cb=20200410185906,Normal,Pig,"snortie"
Gaston,https://vignette.wikia.nocookie.net/animalcrossing/images/6/6f/NH-Gaston_poster.png/revision/latest?cb=20200410185604,Cranky,Rabbit,"mon chou"
Gayle,https://vignette.wikia.nocookie.net/animalcrossing/images/e/ee/NH-Gayle_poster.png/revision/latest?cb=20200522061322,Normal,Alligator,"snacky"
Genji,https://vignette.wikia.nocookie.net/animalcrossing/images/7/70/NH-Genji_poster.png/revision/latest?cb=20200410185443,Jock,Rabbit,"mochi"
Gigi,https://vignette.wikia.nocookie.net/animalcrossing/images/4/44/NH-Gigi_poster.png/revision/latest?cb=20200522061648,Snooty,Frog,"ribbette"
Gladys,https://vignette.wikia.nocookie.net/animalcrossing/images/6/65/NH-Gladys_poster.png/revision/latest?cb=20200410191858,Normal,Ostrich,"stretch"
Gloria,https://vignette.wikia.nocookie.net/animalcrossing/images/4/4d/NH-Gloria_poster.png/revision/latest?cb=20200522061718,Snooty,Duck,"quacker"
Goldie,https://vignette.wikia.nocookie.net/animalcrossing/images/e/e6/NH-Goldie_poster.png/revision/latest?cb=20200522061740,Normal,Dog,"woof"
Gonzo,https://vignette.wikia.nocookie.net/animalcrossing/images/d/de/NH-Gonzo_poster.png/revision/latest?cb=20200522061802,Cranky,Koala,"mate"
Goose,https://vignette.wikia.nocookie.net/animalcrossing/images/a/ab/NH-Goose_poster.png/revision/latest?cb=20200522063919,Jock,Chicken,"buh-kay"
Graham,https://vignette.wikia.nocookie.net/animalcrossing/images/c/cf/NH-Graham_poster.png/revision/latest?cb=20200522061907,Smug,Hamster,"indeed"
Greta,https://vignette.wikia.nocookie.net/animalcrossing/images/1/1c/NH-Greta_poster.png/revision/latest?cb=20200410192204,Snooty,Mouse,"yelp"
Grizzly,https://vignette.wikia.nocookie.net/animalcrossing/images/9/96/NH-Grizzly_poster.png/revision/latest?cb=20200522061950,Cranky,Bear,"grrr"
Groucho,https://vignette.wikia.nocookie.net/animalcrossing/images/f/f7/NH-Groucho_poster.png/revision/latest?cb=20200522062020,Cranky,Bear,"grumble"
Gruff,https://vignette.wikia.nocookie.net/animalcrossing/images/4/44/NH-Gruff_poster.png/revision/latest?cb=20200522063653,Cranky,Goat,"bleh eh eh"
Gwen,https://vignette.wikia.nocookie.net/animalcrossing/images/0/04/NH-Gwen_poster.png/revision/latest?cb=20200410190543,Snooty,Penguin,"h-h-h-hon"
Hamlet,https://vignette.wikia.nocookie.net/animalcrossing/images/b/b2/NH-Hamlet_poster.png/revision/latest?cb=20200522062149,Jock,Hamster,"hammie"
Hamphrey,https://vignette.wikia.nocookie.net/animalcrossing/images/5/56/NH-Hamphrey_poster.png/revision/latest?cb=20200522062214,Cranky,Hamster,"snort"
Hans,https://vignette.wikia.nocookie.net/animalcrossing/images/e/eb/NH-Hans_poster.png/revision/latest?cb=20200522062237,Smug,Gorilla,"groovy"
Harry,https://vignette.wikia.nocookie.net/animalcrossing/images/8/8d/NH-Harry_poster.png/revision/latest?cb=20200522062306,Cranky,Hippo,"beach bum"
Hazel,https://vignette.wikia.nocookie.net/animalcrossing/images/4/48/NH-Hazel_poster.png/revision/latest?cb=20200410183827,Sisterly,Squirrel,"uni-wow"
Henry,https://vignette.wikia.nocookie.net/animalcrossing/images/2/24/NH-Henry_poster.png/revision/latest?cb=20200522062351,Smug,Frog,"snoozit"
Hippeux,https://vignette.wikia.nocookie.net/animalcrossing/images/a/a3/NH-Hippeux_poster.png/revision/latest?cb=20200522062422,Smug,Hippo,"natch"
Hopkins,https://vignette.wikia.nocookie.net/animalcrossing/images/0/00/NH-Hopkins_poster.png/revision/latest?cb=20200410185246,Lazy,Rabbit,"thumper"
Hopper,https://vignette.wikia.nocookie.net/animalcrossing/images/0/01/NH-Hopper_poster.png/revision/latest?cb=20200410190612,Cranky,Penguin,"slushie"
Hornsby,https://vignette.wikia.nocookie.net/animalcrossing/images/4/48/NH-Hornsby_poster.png/revision/latest?cb=20200410184934,Lazy,Rhino,"schnozzle"
Huck,https://vignette.wikia.nocookie.net/animalcrossing/images/b/ba/NH-Huck_poster.png/revision/latest?cb=20200522062452,Smug,Frog,"hopper"
Hugh,https://vignette.wikia.nocookie.net/animalcrossing/images/3/3e/NH-Hugh_poster.png/revision/latest?cb=20200410190230,Lazy,Pig,"snortle"
Iggly,https://vignette.wikia.nocookie.net/animalcrossing/images/4/48/NH-Iggly_poster.png/revision/latest?cb=20200410190437,Jock,Penguin,"waddler"
Ike,https://vignette.wikia.nocookie.net/animalcrossing/images/3/33/NH-Ike_poster.png/revision/latest?cb=20200522062526,Cranky,Bear,"roadie"
Jacob,https://vignette.wikia.nocookie.net/animalcrossing/images/6/65/NH-Jacob_poster.png/revision/latest?cb=20200522062554,Lazy,Bird,"ya feel"
Jacques,https://vignette.wikia.nocookie.net/animalcrossing/images/b/bf/NH-Jacques_poster.png/revision/latest?cb=20200522062617,Smug,Bird,"zut alors"
Jambette,https://vignette.wikia.nocookie.net/animalcrossing/images/a/ab/NH-Jambette_poster.png/revision/latest?cb=20200522063434,Normal,Frog,"croak-kay"
Jay,https://vignette.wikia.nocookie.net/animalcrossing/images/e/e6/NH-Jay_poster.png/revision/latest?cb=20200522063408,Jock,Bird,"heeeeeyy"
Jeremiah,https://vignette.wikia.nocookie.net/animalcrossing/images/c/cd/NH-Jeremiah_poster.png/revision/latest?cb=20200522063336,Lazy,Frog,"nee-deep"
Jitters,https://vignette.wikia.nocookie.net/animalcrossing/images/d/de/NH-Jitters_poster.png/revision/latest?cb=20200522063309,Jock,Bird,"bzzert"
Joey,https://vignette.wikia.nocookie.net/animalcrossing/images/e/e4/NH-Joey_poster.png/revision/latest?cb=20200522063240,Lazy,Duck,"bleeeeeck"
Judy,https://vignette.wikia.nocookie.net/animalcrossing/images/5/50/NH-Judy_poster.png/revision/latest?cb=20200522063219,Snooty,Cub,"myohmy"
Julia,https://vignette.wikia.nocookie.net/animalcrossing/images/f/fc/NH-Julia_poster.png/revision/latest?cb=20200410191747,Snooty,Ostrich,"dahling"
Julian,https://vignette.wikia.nocookie.net/animalcrossing/images/f/f4/NH-Julian_poster.png/revision/latest?cb=20200410192747,Smug,Horse,"glitter"
June,https://vignette.wikia.nocookie.net/animalcrossing/images/9/90/NH-June_poster.png/revision/latest?cb=20200522063156,Normal,Cub,"rainbow"
Kabuki,https://vignette.wikia.nocookie.net/animalcrossing/images/f/f1/NH-Kabuki_poster.png/revision/latest?cb=20200410182309,Cranky,Cat,"meooo-OH"
Katt,https://vignette.wikia.nocookie.net/animalcrossing/images/e/ee/NH-Katt_poster.png/revision/latest?cb=20200410182946,Sisterly,Cat,"purrty"
Keaton,https://vignette.wikia.nocookie.net/animalcrossing/images/e/e5/NH-Keaton_poster.png/revision/latest?cb=20200522063126,Smug,Eagle,"wingo"
Ken,https://vignette.wikia.nocookie.net/animalcrossing/images/2/2d/NH-Ken_poster.png/revision/latest?cb=20200522063105,Smug,Chicken,"no doubt"
Ketchup,https://vignette.wikia.nocookie.net/animalcrossing/images/e/e1/NH-Ketchup_poster.png/revision/latest?cb=20200522063044,Peppy,Duck,"bitty"
Kevin,https://vignette.wikia.nocookie.net/animalcrossing/images/2/20/NH-Kevin_poster.png/revision/latest?cb=20200410185817,Jock,Pig,"weeweewee"
Kid Cat,https://vignette.wikia.nocookie.net/animalcrossing/images/3/30/NH-Kid_Cat_poster.png/revision/latest?cb=20200410182348,Jock,Cat,"psst"
Kidd,https://vignette.wikia.nocookie.net/animalcrossing/images/4/46/NH-Kidd_poster.png/revision/latest?cb=20200522063019,Smug,Goat,"wut"
Kiki,https://vignette.wikia.nocookie.net/animalcrossing/images/3/34/NH-Kiki_poster.png/revision/latest?cb=20200410182200,Normal,Cat,"kitty cat"
Kitt,https://vignette.wikia.nocookie.net/animalcrossing/images/e/ed/NH-Kitt_poster.png/revision/latest?cb=20200522062950,Normal,Kangaroo,"child"
Kitty,https://vignette.wikia.nocookie.net/animalcrossing/images/7/7a/NH-Kitty_poster.png/revision/latest?cb=20200410182820,Snooty,Cat,"mrowrr"
Klaus,https://vignette.wikia.nocookie.net/animalcrossing/images/5/56/NH-Klaus_poster.png/revision/latest?cb=20200522062928,Smug,Bear,"strudel"
Knox,https://vignette.wikia.nocookie.net/animalcrossing/images/4/45/NH-Knox_poster.png/revision/latest?cb=20200522062907,Cranky,Chicken,"cluckling"
Kody,https://vignette.wikia.nocookie.net/animalcrossing/images/3/30/NH-Kody_poster.png/revision/latest?cb=20200522062831,Jock,Cub,"grah grah"
Kyle,https://vignette.wikia.nocookie.net/animalcrossing/images/9/93/NH-Kyle_poster.png/revision/latest?cb=20200410183323,Smug,Wolf,"alpha"
Leonardo,https://vignette.wikia.nocookie.net/animalcrossing/images/1/1a/NH-Leonardo_poster.png/revision/latest?cb=20200410183650,Jock,Tiger,"flexin'"
Leopold,https://vignette.wikia.nocookie.net/animalcrossing/images/d/dc/NH-Leopold_poster.png/revision/latest?cb=20200410192806,Smug,Lion,"lion cub"
Lily,https://vignette.wikia.nocookie.net/animalcrossing/images/f/f0/NH-Lily_poster.png/revision/latest?cb=20200522070016,Normal,Frog,"toady"
Limberg,https://vignette.wikia.nocookie.net/animalcrossing/images/1/12/NH-Limberg_poster.png/revision/latest?cb=20200410192555,Cranky,Mouse,"squinky"
Lionel,https://vignette.wikia.nocookie.net/animalcrossing/images/b/b1/NH-Lionel_poster.png/revision/latest?cb=20200522065956,Smug,Lion,"precisely"
Lobo,https://vignette.wikia.nocookie.net/animalcrossing/images/f/f8/NH-Lobo_poster.png/revision/latest?cb=20200410183522,Cranky,Wolf,"ah-rooooo"
Lolly,https://vignette.wikia.nocookie.net/animalcrossing/images/b/b0/NH-Lolly_poster.png/revision/latest?cb=20200410182533,Normal,Cat,"bonbon"
Lopez,https://vignette.wikia.nocookie.net/animalcrossing/images/d/dc/NH-Lopez_poster.png/revision/latest?cb=20200522065932,Smug,Deer,"badoom"
Louie,https://vignette.wikia.nocookie.net/animalcrossing/images/1/13/NH-Louie_poster.png/revision/latest?cb=20200522065914,Jock,Gorilla,"hoo hoo ha"
Lucha,https://vignette.wikia.nocookie.net/animalcrossing/images/d/dc/NH-Lucha_poster.png/revision/latest?cb=20200522065852,Smug,Bird,"cacaw"
Lucky,https://vignette.wikia.nocookie.net/animalcrossing/images/4/4d/NH-Lucky_poster.png/revision/latest?cb=20200522065833,Lazy,Dog,"rrr-owch"
Lucy,https://vignette.wikia.nocookie.net/animalcrossing/images/1/14/NH-Lucy_poster.png/revision/latest?cb=20200410190214,Normal,Pig,"snoooink"
Lyman,https://vignette.wikia.nocookie.net/animalcrossing/images/1/1a/NH-Lyman_poster.png/revision/latest?cb=20200522065812,Jock,Koala,"chips"
Mac,https://vignette.wikia.nocookie.net/animalcrossing/images/4/4d/NH-Mac_poster.png/revision/latest?cb=20200522065753,Jock,Dog,"woo woof"
Maddie,https://vignette.wikia.nocookie.net/animalcrossing/images/0/07/NH-Maddie_poster.png/revision/latest?cb=20200522065730,Peppy,Dog,"yippee"
Maelle,https://vignette.wikia.nocookie.net/animalcrossing/images/d/de/NH-Maelle_poster.png/revision/latest?cb=20200522065709,Snooty,Duck,"duckling"
Maggie,https://vignette.wikia.nocookie.net/animalcrossing/images/4/4f/NH-Maggie_poster.png/revision/latest?cb=20200410185952,Normal,Pig,"schep"
Mallary,https://vignette.wikia.nocookie.net/animalcrossing/images/3/35/NH-Mallary_poster.png/revision/latest?cb=20200522065649,Snooty,Duck,"quackpth"
Maple,https://vignette.wikia.nocookie.net/animalcrossing/images/d/d1/NH-Maple_poster.png/revision/latest?cb=20200522065624,Normal,Cub,"honey"
Marcel,https://vignette.wikia.nocookie.net/animalcrossing/images/e/e5/NH-Marcel_poster.png/revision/latest?cb=20200522065604,Lazy,Dog,"non"
Marcie,https://vignette.wikia.nocookie.net/animalcrossing/images/d/db/NH-Marcie_poster.png/revision/latest?cb=20200522065544,Normal,Kangaroo,"pouches"
Margie,https://vignette.wikia.nocookie.net/animalcrossing/images/f/ff/NH-Margie_poster.png/revision/latest?cb=20200522065513,Normal,Elephant,"tootie"
Marina,https://vignette.wikia.nocookie.net/animalcrossing/images/f/fd/NH-Marina_poster.png/revision/latest?cb=20200410192009,Normal,Octopus,"blurp"
Marshal,https://vignette.wikia.nocookie.net/animalcrossing/images/e/e6/NH-Marshal_poster.png/revision/latest?cb=20200522065451,Smug,Squirrel,"sulky"
Mathilda,https://vignette.wikia.nocookie.net/animalcrossing/images/8/81/NH-Mathilda_poster.png/revision/latest?cb=20200522065431,Snooty,Kangaroo,"wee baby"
Megan,https://vignette.wikia.nocookie.net/animalcrossing/images/1/18/NH-Megan_poster.png/revision/latest?cb=20200522065410,Normal,Bear,"sundae"
Melba,https://vignette.wikia.nocookie.net/animalcrossing/images/5/57/NH-Melba_poster.png/revision/latest?cb=20200522065347,Normal,Koala,"toasty"
Merengue,https://vignette.wikia.nocookie.net/animalcrossing/images/9/9d/NH-Merengue_poster.png/revision/latest?cb=20200410184909,Normal,Rhino,"shortcake"
Merry,https://vignette.wikia.nocookie.net/animalcrossing/images/f/f0/NH-Merry_poster.png/revision/latest?cb=20200410182436,Peppy,Cat,"mweee"
Midge,https://vignette.wikia.nocookie.net/animalcrossing/images/8/86/NH-Midge_poster.png/revision/latest?cb=20200522065322,Normal,Bird,"tweedledee"
Mint,https://vignette.wikia.nocookie.net/animalcrossing/images/2/2a/NH-Mint_poster.png/revision/latest?cb=20200410184044,Snooty,Squirrel,"ahhhhhh"
Mira,https://vignette.wikia.nocookie.net/animalcrossing/images/7/79/NH-Mira_poster.png/revision/latest?cb=20200410185049,Sisterly,Rabbit,"cottontail"
Miranda,https://vignette.wikia.nocookie.net/animalcrossing/images/f/f4/NH-Miranda_poster.png/revision/latest?cb=20200522065300,Snooty,Duck,"quackulous"
Mitzi,https://vignette.wikia.nocookie.net/animalcrossing/images/2/20/NH-Mitzi_poster.png/revision/latest?cb=20200410182006,Normal,Cat,"mew"
Moe,https://vignette.wikia.nocookie.net/animalcrossing/images/7/7e/NH-Moe_poster.png/revision/latest?cb=20200410182701,Lazy,Cat,"myawn"
Molly,https://vignette.wikia.nocookie.net/animalcrossing/images/0/00/NH-Molly_poster.png/revision/latest?cb=20200522065237,Normal,Duck,"quackidee"
Monique,https://vignette.wikia.nocookie.net/animalcrossing/images/d/d3/NH-Monique_poster.png/revision/latest?cb=20200410182724,Snooty,Cat,"pffffft"
Monty,https://vignette.wikia.nocookie.net/animalcrossing/images/2/2b/NH-Monty_poster.png/revision/latest?cb=20200522065214,Cranky,Monkey,"g'tang"
Moose,https://vignette.wikia.nocookie.net/animalcrossing/images/b/b2/NH-Moose_poster.png/revision/latest?cb=20200410192236,Jock,Mouse,"shorty"
Mott,https://vignette.wikia.nocookie.net/animalcrossing/images/6/66/NH-Mott_poster.png/revision/latest?cb=20200522065136,Jock,Lion,"cagey"
Muffy,https://vignette.wikia.nocookie.net/animalcrossing/images/7/70/NH-Muffy_poster.png/revision/latest?cb=20200410184450,Sisterly,Sheep,"nightshade"
Murphy,https://vignette.wikia.nocookie.net/animalcrossing/images/6/69/NH-Murphy_poster.png/revision/latest?cb=20200522065115,Cranky,Cub,"malarkey"
Nan,https://vignette.wikia.nocookie.net/animalcrossing/images/d/de/NH-Nan_poster.png/revision/latest?cb=20200522184645,Normal,Goat,"kid"
Nana,https://vignette.wikia.nocookie.net/animalcrossing/images/6/64/NH-Nana_poster.png/revision/latest?cb=20200522184710,Normal,Monkey,"po po"
Naomi,https://vignette.wikia.nocookie.net/animalcrossing/images/9/97/NH-Naomi_poster.png/revision/latest?cb=20200522184727,Snooty,Cow,"moolah"
Nate,https://vignette.wikia.nocookie.net/animalcrossing/images/1/1a/NH-Nate_poster.png/revision/latest?cb=20200522184748,Lazy,Bear,"yawwwn"
Nibbles,https://vignette.wikia.nocookie.net/animalcrossing/images/d/d5/NH-Nibbles_poster.png/revision/latest?cb=20200410184229,Peppy,Squirrel,"niblet"
Norma,https://vignette.wikia.nocookie.net/animalcrossing/images/9/94/NH-Norma_poster.png/revision/latest?cb=20200522184806,Normal,Cow,"hoof hoo"
Octavian,https://vignette.wikia.nocookie.net/animalcrossing/images/8/82/NH-Octavian_poster.png/revision/latest?cb=20200410192036,Cranky,Octopus,"sucker"
O'Hare,https://vignette.wikia.nocookie.net/animalcrossing/images/5/57/NH-O%27Hare_poster.png/revision/latest?cb=20200410185212,Smug,Rabbit,"amigo"
Olaf,https://vignette.wikia.nocookie.net/animalcrossing/images/5/5c/NH-Olaf_poster.png/revision/latest?cb=20200522184827,Smug,Anteater,"whiffa"
Olive,https://vignette.wikia.nocookie.net/animalcrossing/images/f/fd/NH-Olive_poster.png/revision/latest?cb=20200522184858,Normal,Cub,"sweet pea"
Olivia,https://vignette.wikia.nocookie.net/animalcrossing/images/5/5a/NH-Olivia_poster.png/revision/latest?cb=20200410182136,Snooty,Cat,"purrr"
Opal,https://vignette.wikia.nocookie.net/animalcrossing/images/7/73/NH-Opal_poster.png/revision/latest?cb=20200522184918,Snooty,Elephant,"snoot"
Ozzie,https://vignette.wikia.nocookie.net/animalcrossing/images/2/2c/NH-Ozzie_poster.png/revision/latest?cb=20200522185151,Lazy,Koala,"ol' bear"
Pancetti,https://vignette.wikia.nocookie.net/animalcrossing/images/4/49/NH-Pancetti_poster.png/revision/latest?cb=20200410185802,Snooty,Pig,"sooey"
Pango,https://vignette.wikia.nocookie.net/animalcrossing/images/d/d3/NH-Pango_poster.png/revision/latest?cb=20200522185217,Peppy,Anteater,"snooooof"
Paolo,https://vignette.wikia.nocookie.net/animalcrossing/images/f/fc/NH-Paolo_poster.png/revision/latest?cb=20200522185319,Lazy,Elephant,"pal"
Papi,https://vignette.wikia.nocookie.net/animalcrossing/images/6/6d/NH-Papi_poster.png/revision/latest?cb=20200522185246,Lazy,Horse,"haaay"
Pashmina,https://vignette.wikia.nocookie.net/animalcrossing/images/2/29/NH-Pashmina_poster.png/revision/latest?cb=20200522185339,Sisterly,Goat,"kidders"
Pate,https://vignette.wikia.nocookie.net/animalcrossing/images/2/20/NH-Pate_poster.png/revision/latest?cb=20200522185358,Peppy,Duck,"quackle"
Patty,https://vignette.wikia.nocookie.net/animalcrossing/images/f/f8/NH-Patty_poster.png/revision/latest?cb=20200522185417,Peppy,Cow,"how-now"
Paula,https://vignette.wikia.nocookie.net/animalcrossing/images/7/79/NH-Paula_poster.png/revision/latest?cb=20200522185438,Sisterly,Bear,"yodelay"
Peaches,https://vignette.wikia.nocookie.net/animalcrossing/images/8/8a/NH-Peaches_poster.png/revision/latest?cb=20200522185456,Normal,Horse,"neighbor"
Peanut,https://vignette.wikia.nocookie.net/animalcrossing/images/6/68/NH-Peanut_poster.png/revision/latest?cb=20200522185516,Peppy,Squirrel,"slacker"
Pecan,https://vignette.wikia.nocookie.net/animalcrossing/images/4/48/NH-Pecan_poster.png/revision/latest?cb=20200410184245,Snooty,Squirrel,"chipmunk"
Peck,https://vignette.wikia.nocookie.net/animalcrossing/images/d/d8/NH-Peck_poster.png/revision/latest?cb=20200522185539,Jock,Bird,"crunch"
Peewee,https://vignette.wikia.nocookie.net/animalcrossing/images/c/cb/NH-Peewee_poster.png/revision/latest?cb=20200522185601,Cranky,Gorilla,"li'l bitty baby"
Peggy,https://vignette.wikia.nocookie.net/animalcrossing/images/a/a1/NH-Peggy_poster.png/revision/latest?cb=20200410185931,Peppy,Pig,"shweetie"
Pekoe,https://vignette.wikia.nocookie.net/animalcrossing/images/6/6a/NH-Pekoe_poster.png/revision/latest?cb=20200522185628,Normal,Cub,"bud"
Penelope,https://vignette.wikia.nocookie.net/animalcrossing/images/7/72/NH-Penelope_poster.png/revision/latest?cb=20200410192138,Peppy,Mouse,"oh bow"
Phil,https://vignette.wikia.nocookie.net/animalcrossing/images/2/26/NH-Phil_poster.png/revision/latest?cb=20200410191701,Smug,Ostrich,"hurk"
Phoebe,https://vignette.wikia.nocookie.net/animalcrossing/images/8/8b/NH-Phoebe_poster.png/revision/latest?cb=20200410191547,Sisterly,Ostrich,"sparky"
Pierce,https://vignette.wikia.nocookie.net/animalcrossing/images/8/8f/NH-Pierce_poster.png/revision/latest?cb=20200410191226,Jock,Eagle,"hawkeye"
Pietro,https://vignette.wikia.nocookie.net/animalcrossing/images/2/21/NH-Pietro_poster.png/revision/latest?cb=20200522185656,Smug,Sheep,"honk honk"
Pinky,https://vignette.wikia.nocookie.net/animalcrossing/images/e/ea/NH-Pinky_poster.png/revision/latest?cb=20200522185718,Peppy,Bear,"wah"
Piper,https://vignette.wikia.nocookie.net/animalcrossing/images/4/47/NH-Piper_poster.png/revision/latest?cb=20200522185742,Peppy,Bird,"chickadee"
Pippy,https://vignette.wikia.nocookie.net/animalcrossing/images/8/8c/NH-Pippy_poster.png/revision/latest?cb=20200410185526,Peppy,Rabbit,"li'l hare"
Plucky,https://vignette.wikia.nocookie.net/animalcrossing/images/6/62/NH-Plucky_poster.png/revision/latest?cb=20200522185801,Sisterly,Chicken,"chicky-poo"
Pompom,https://vignette.wikia.nocookie.net/animalcrossing/images/1/18/NH-Pompom_poster.png/revision/latest?cb=20200522185820,Peppy,Duck,"rah rah"
Poncho,https://vignette.wikia.nocookie.net/animalcrossing/images/e/ea/NH-Poncho_poster.png/revision/latest?cb=20200522185838,Jock,Cub,"li'l bear"
Poppy,https://vignette.wikia.nocookie.net/animalcrossing/images/5/5c/NH-Poppy_poster.png/revision/latest?cb=20200410183916,Normal,Squirrel,"nutty"
Portia,https://vignette.wikia.nocookie.net/animalcrossing/images/7/79/NH-Portia_poster.png/revision/latest?cb=20200522185904,Snooty,Dog,"ruffian"
Prince,https://vignette.wikia.nocookie.net/animalcrossing/images/0/0b/NH-Prince_poster.png/revision/latest?cb=20200522185927,Lazy,Frog,"burrup"
Puck,https://vignette.wikia.nocookie.net/animalcrossing/images/5/52/NH-Puck_poster.png/revision/latest?cb=20200410190527,Lazy,Penguin,"brrrrrrrrr"
Puddles,https://vignette.wikia.nocookie.net/animalcrossing/images/7/78/NH-Puddles_poster.png/revision/latest?cb=20200522185948,Peppy,Frog,"splish"
Pudge,https://vignette.wikia.nocookie.net/animalcrossing/images/2/2b/NH-Pudge_poster.png/revision/latest?cb=20200522190008,Lazy,Cub,"golly"
Punchy,https://vignette.wikia.nocookie.net/animalcrossing/images/d/d2/NH-Punchy_poster.png/revision/latest?cb=20200410182252,Lazy,Cat,"mrmpht"
Purrl,https://vignette.wikia.nocookie.net/animalcrossing/images/3/3d/NH-Purrl_poster.png/revision/latest?cb=20200410182641,Snooty,Cat,"kitten"
Queenie,https://vignette.wikia.nocookie.net/animalcrossing/images/c/c6/NH-Queenie_poster.png/revision/latest?cb=20200410191922,Snooty,Ostrich,"chicken"
Quillson,https://vignette.wikia.nocookie.net/animalcrossing/images/6/69/NH-Quillson_poster.png/revision/latest?cb=20200522190041,Smug,Duck,"ridukulous"
Raddle,https://vignette.wikia.nocookie.net/animalcrossing/images/5/5b/NH-Raddle_poster.png/revision/latest?cb=20200522190100,Lazy,Frog,"aaach—"
Rasher,https://vignette.wikia.nocookie.net/animalcrossing/images/b/ba/NH-Rasher_poster.png/revision/latest?cb=20200410190250,Cranky,Pig,"swine"
Raymond,https://vignette.wikia.nocookie.net/animalcrossing/images/8/8e/NH-Raymond_poster.png/revision/latest?cb=20200522190120,Smug,Cat,"crisp"
Renée,https://vignette.wikia.nocookie.net/animalcrossing/images/d/d8/NH-Ren%C3%A9e_poster.png/revision/latest?cb=20200522190140,Sisterly,Rhino,"yo yo yo"
Reneigh,https://vignette.wikia.nocookie.net/animalcrossing/images/3/33/NH-Reneigh_poster.png/revision/latest?cb=20200522190158,Sisterly,Horse,"ayup yup"
Rex,https://vignette.wikia.nocookie.net/animalcrossing/images/a/a7/NH-Rex_poster.png/revision/latest?cb=20200522190216,Lazy,Lion,"cool cat"
Rhonda,https://vignette.wikia.nocookie.net/animalcrossing/images/1/12/NH-Rhonda_poster.png/revision/latest?cb=20200410185017,Normal,Rhino,"bigfoot"
Ribbot,https://vignette.wikia.nocookie.net/animalcrossing/images/4/4e/NH-Ribbot_poster.png/revision/latest?cb=20200522190235,Jock,Frog,"zzrrbbitt"
Ricky,https://vignette.wikia.nocookie.net/animalcrossing/images/6/6b/NH-Ricky_poster.png/revision/latest?cb=20200410184030,Cranky,Squirrel,"nutcase"
Rizzo,https://vignette.wikia.nocookie.net/animalcrossing/images/9/93/NH-Rizzo_poster.png/revision/latest?cb=20200410192330,Cranky,Mouse,"squee"
Roald,https://vignette.wikia.nocookie.net/animalcrossing/images/4/4f/NH-Roald_poster.png/revision/latest?cb=20200410190858,Jock,Penguin,"b-b-buddy"
Robin,https://vignette.wikia.nocookie.net/animalcrossing/images/6/62/NH-Robin_poster.png/revision/latest?cb=20200522190258,Snooty,Bird,"la-di-da"
Rocco,https://vignette.wikia.nocookie.net/animalcrossing/images/3/32/NH-Rocco_poster.png/revision/latest?cb=20200522190320,Cranky,Hippo,"hippie"
Rocket,https://vignette.wikia.nocookie.net/animalcrossing/images/d/d3/NH-Rocket_poster.png/revision/latest?cb=20200522190339,Sisterly,Gorilla,"vroom"
Rod,https://vignette.wikia.nocookie.net/animalcrossing/images/1/10/NH-Rod_poster.png/revision/latest?cb=20200410192406,Jock,Mouse,"ace"
Rodeo,https://vignette.wikia.nocookie.net/animalcrossing/images/1/15/NH-Rodeo_poster.png/revision/latest?cb=20200522190402,Lazy,Bull,"chaps"
Rodney,https://vignette.wikia.nocookie.net/animalcrossing/images/5/58/NH-Rodney_poster.png/revision/latest?cb=20200522190421,Smug,Hamster,"le ham"
Rolf,https://vignette.wikia.nocookie.net/animalcrossing/images/5/5c/NH-Rolf_poster.png/revision/latest?cb=20200410183806,Cranky,Tiger,"grrrolf"
Rooney,https://vignette.wikia.nocookie.net/animalcrossing/images/3/36/NH-Rooney_poster.png/revision/latest?cb=20200522191451,Cranky,Kangaroo,"punches"
Rory,https://vignette.wikia.nocookie.net/animalcrossing/images/f/f3/NH-Rory_poster.png/revision/latest?cb=20200522190446,Jock,Lion,"capital"
Roscoe,https://vignette.wikia.nocookie.net/animalcrossing/images/0/01/NH-Roscoe_poster.png/revision/latest?cb=20200522190504,Cranky,Horse,"nay"
Rosie,https://vignette.wikia.nocookie.net/animalcrossing/images/4/46/NH-Rosie_poster.png/revision/latest?cb=20200410182055,Peppy,Cat,"silly"
Rowan,https://vignette.wikia.nocookie.net/animalcrossing/images/4/41/NH-Rowan_poster.png/revision/latest?cb=20200410183742,Jock,Tiger,"mango"
Ruby,https://vignette.wikia.nocookie.net/animalcrossing/images/5/5c/NH-Ruby_poster.png/revision/latest?cb=20200410185420,Peppy,Rabbit,"li'l ears"
Rudy,https://vignette.wikia.nocookie.net/animalcrossing/images/c/c1/NH-Rudy_poster.png/revision/latest?cb=20200410182928,Jock,Cat,"mush"
Sally,https://vignette.wikia.nocookie.net/animalcrossing/images/5/5d/NH-Sally_poster.png/revision/latest?cb=20200410184136,Normal,Squirrel,"nutmeg"
Samson,https://vignette.wikia.nocookie.net/animalcrossing/images/d/d7/NH-Samson_poster.png/revision/latest?cb=20200410192424,Jock,Mouse,"pipsqueak"
Sandy,https://vignette.wikia.nocookie.net/animalcrossing/images/9/93/NH-Sandy_poster.png/revision/latest?cb=20200410191836,Normal,Ostrich,"speedy"
Savannah,https://vignette.wikia.nocookie.net/animalcrossing/images/1/10/NH-Savannah_poster.png/revision/latest?cb=20200522190527,Normal,Horse,"y'all"
Scoot,https://vignette.wikia.nocookie.net/animalcrossing/images/9/9d/NH-Scoot_poster.png/revision/latest?cb=20200522190547,Jock,Duck,"zip zoom"
Shari,https://vignette.wikia.nocookie.net/animalcrossing/images/4/47/NH-Shari_poster.png/revision/latest?cb=20200410192655,Sisterly,Monkey,"cheeky"
Sheldon,https://vignette.wikia.nocookie.net/animalcrossing/images/8/8e/NH-Sheldon_poster.png/revision/latest?cb=20200410183900,Jock,Squirrel,"cardio"
Shep,https://vignette.wikia.nocookie.net/animalcrossing/images/e/e9/NH-Shep_poster.png/revision/latest?cb=20200522190611,Smug,Dog,"baa baa baa"
Sherb,https://vignette.wikia.nocookie.net/animalcrossing/images/0/04/Sherb_Poster_NH.png/revision/latest?cb=20200319185254,Lazy,Goat,"bawwww"
Simon,https://vignette.wikia.nocookie.net/animalcrossing/images/6/6a/NH-Simon_poster.png/revision/latest?cb=20200522190630,Lazy,Monkey,"zzzook"
Skye,https://vignette.wikia.nocookie.net/animalcrossing/images/1/10/NH-Skye_poster.png/revision/latest?cb=20200410183340,Normal,Wolf,"airmail"
Sly,https://vignette.wikia.nocookie.net/animalcrossing/images/7/7f/NH-Sly_poster.png/revision/latest?cb=20200522190705,Jock,Alligator,"hoo-rah"
Snake,https://vignette.wikia.nocookie.net/animalcrossing/images/2/2c/NH-Snake_poster.png/revision/latest?cb=20200410185619,Jock,Rabbit,"bunyip"
Snooty,https://vignette.wikia.nocookie.net/animalcrossing/images/d/d2/NH-Snooty_poster.png/revision/latest?cb=20200522190727,Snooty,Anteater,"sniffff"
Soleil,https://vignette.wikia.nocookie.net/animalcrossing/images/9/9f/NH-Soleil_poster.png/revision/latest?cb=20200522190746,Snooty,Hamster,"tarnation"
Sparro,https://vignette.wikia.nocookie.net/animalcrossing/images/6/69/NH-Sparro_poster.png/revision/latest?cb=20200522190812,Jock,Bird,"like whoa"
Spike,https://vignette.wikia.nocookie.net/animalcrossing/images/9/95/NH-Spike_poster.png/revision/latest?cb=20200410185000,Cranky,Rhino,"punk"
Spork,https://vignette.wikia.nocookie.net/animalcrossing/images/d/db/NH-Spork_poster.png/revision/latest?cb=20200522190834,Lazy,Pig,"snork"
Sprinkle,https://vignette.wikia.nocookie.net/animalcrossing/images/e/e5/NH-Sprinkle_poster.png/revision/latest?cb=20200410190333,Peppy,Penguin,"frappe"
Sprocket,https://vignette.wikia.nocookie.net/animalcrossing/images/e/e6/NH-Sprocket_poster.png/revision/latest?cb=20200410191806,Jock,Ostrich,"zort"
Static,https://vignette.wikia.nocookie.net/animalcrossing/images/f/ff/NH-Static_poster.png/revision/latest?cb=20200410184107,Cranky,Squirrel,"krzzt"
Stella,https://vignette.wikia.nocookie.net/animalcrossing/images/5/50/NH-Stella_poster.png/revision/latest?cb=20200410184731,Normal,Sheep,"baa-dabing"
Sterling,https://vignette.wikia.nocookie.net/animalcrossing/images/0/0a/NH-Sterling_poster.png/revision/latest?cb=20200410191029,Jock,Eagle,"skraaaaw"
Stinky,https://vignette.wikia.nocookie.net/animalcrossing/images/c/cc/NH-Stinky_poster.png/revision/latest?cb=20200522190854,Jock,Cat,"GAAHHH"
Stitches,https://vignette.wikia.nocookie.net/animalcrossing/images/0/0a/NH-Stitches_poster.png/revision/latest?cb=20200522190915,Lazy,Cub,"stuffin'"
Stu,https://vignette.wikia.nocookie.net/animalcrossing/images/f/fc/NH-Stu_poster.png/revision/latest?cb=20200522190934,Lazy,Bull,"mrooooo"
Sydney,https://vignette.wikia.nocookie.net/animalcrossing/images/f/f6/NH-Sydney_poster.png/revision/latest?cb=20200522190951,Normal,Koala,"sunshine"
Sylvana,https://vignette.wikia.nocookie.net/animalcrossing/images/4/41/NH-Sylvana_poster.png/revision/latest?cb=20200410183935,Normal,Squirrel,"hubbub"
Sylvia,https://vignette.wikia.nocookie.net/animalcrossing/images/4/4b/NH-Sylvia_poster.png/revision/latest?cb=20200522191011,Sisterly,Kangaroo,"boing"
Tabby,https://vignette.wikia.nocookie.net/animalcrossing/images/d/d7/NH-Tabby_poster.png/revision/latest?cb=20200410182747,Peppy,Cat,"me-WOW"
Tad,https://vignette.wikia.nocookie.net/animalcrossing/images/c/c8/NH-Tad_poster.png/revision/latest?cb=20200522182923,Jock,Frog,"sluuuurp"
Tammi,https://vignette.wikia.nocookie.net/animalcrossing/images/d/d1/NH-Tammi_poster.png/revision/latest?cb=20200522182953,Peppy,Monkey,"chimpy"
Tammy,https://vignette.wikia.nocookie.net/animalcrossing/images/6/66/NH-Tammy_poster.png/revision/latest?cb=20200522183012,Sisterly,Cub,"ya heard"
Tangy,https://vignette.wikia.nocookie.net/animalcrossing/images/c/c8/NH-Tangy_poster.png/revision/latest?cb=20200410182223,Peppy,Cat,"reeeeOWR"
Tank,https://vignette.wikia.nocookie.net/animalcrossing/images/e/eb/NH-Tank_poster.png/revision/latest?cb=20200410185033,Jock,Rhino,"kerPOW"
Tasha,https://vignette.wikia.nocookie.net/animalcrossing/images/d/d3/NH-Tasha_poster.png/revision/latest?cb=20200522183129,Snooty,Squirrel,"nice nice"
T-Bone,https://vignette.wikia.nocookie.net/animalcrossing/images/c/ca/NH-T-Bone_poster.png/revision/latest?cb=20200522183035,Cranky,Bull,"moocher"
Teddy,https://vignette.wikia.nocookie.net/animalcrossing/images/1/11/NH-Teddy_poster.png/revision/latest?cb=20200522183157,Jock,Bear,"grooof"
Tex,https://vignette.wikia.nocookie.net/animalcrossing/images/a/a1/NH-Tex_poster.png/revision/latest?cb=20200410190412,Smug,Penguin,"picante"
Tia,https://vignette.wikia.nocookie.net/animalcrossing/images/4/41/NH-Tia_poster.png/revision/latest?cb=20200522183230,Normal,Elephant,"teacup"
Tiffany,https://vignette.wikia.nocookie.net/animalcrossing/images/f/fb/NH-Tiffany_poster.png/revision/latest?cb=20200410185508,Snooty,Rabbit,"bun bun"
Timbra,https://vignette.wikia.nocookie.net/animalcrossing/images/6/6a/NH-Timbra_poster.png/revision/latest?cb=20200410184616,Snooty,Sheep,"pine nut"
Tipper,https://vignette.wikia.nocookie.net/animalcrossing/images/6/64/NH-Tipper_poster.png/revision/latest?cb=20200522183257,Snooty,Cow,"pushy"
Tom,https://vignette.wikia.nocookie.net/animalcrossing/images/7/7d/NH-Tom_poster.png/revision/latest?cb=20200522183324,Cranky,Cat,"me-YOWZA"
Truffles,https://vignette.wikia.nocookie.net/animalcrossing/images/c/c9/NH-Truffles_poster.png/revision/latest?cb=20200522183349,Peppy,Pig,"snoutie"
Tucker,https://vignette.wikia.nocookie.net/animalcrossing/images/3/32/NH-Tucker_poster.png/revision/latest?cb=20200522183418,Lazy,Elephant,"fuzzers"
Tutu,https://vignette.wikia.nocookie.net/animalcrossing/images/9/95/NH-Tutu_poster.png/revision/latest?cb=20200522183436,Peppy,Bear,"twinkles"
Twiggy,https://vignette.wikia.nocookie.net/animalcrossing/images/5/52/NH-Twiggy_poster.png/revision/latest?cb=20200522183456,Peppy,Bird,"cheepers"
Tybalt,https://vignette.wikia.nocookie.net/animalcrossing/images/d/dc/NH-Tybalt_poster.png/revision/latest?cb=20200410183724,Jock,Tiger,"grrrRAH"
Ursala,https://vignette.wikia.nocookie.net/animalcrossing/images/2/23/NH-Ursala_poster.png/revision/latest?cb=20200522183519,Sisterly,Bear,"grooomph"
Velma,https://vignette.wikia.nocookie.net/animalcrossing/images/1/17/NH-Velma_poster.png/revision/latest?cb=20200522183543,Snooty,Goat,"blih"
Vesta,https://vignette.wikia.nocookie.net/animalcrossing/images/8/8f/NH-Vesta_poster.png/revision/latest?cb=20200410184828,Normal,Sheep,"baaaffo"
Vic,https://vignette.wikia.nocookie.net/animalcrossing/images/b/b9/NH-Vic_poster.png/revision/latest?cb=20200522183604,Cranky,Bull,"cud"
Victoria,https://vignette.wikia.nocookie.net/animalcrossing/images/4/46/NH-Victoria_poster.png/revision/latest?cb=20200522183627,Peppy,Horse,"sugar cube"
Violet,https://vignette.wikia.nocookie.net/animalcrossing/images/b/b7/NH-Violet_poster.png/revision/latest?cb=20200522183649,Snooty,Gorilla,"sweetie"
Vivian,https://vignette.wikia.nocookie.net/animalcrossing/images/d/d2/NH-Vivian_poster.png/revision/latest?cb=20200410183210,Snooty,Wolf,"piffle"
Vladimir,https://vignette.wikia.nocookie.net/animalcrossing/images/7/7c/NH-Vladimir_poster.png/revision/latest?cb=20200522183708,Cranky,Cub,"nyet"
Wade,https://vignette.wikia.nocookie.net/animalcrossing/images/8/8e/NH-Wade_poster.png/revision/latest?cb=20200410190514,Lazy,Penguin,"so it goes"
Walker,https://vignette.wikia.nocookie.net/animalcrossing/images/e/e0/NH-Walker_poster.png/revision/latest?cb=20200522183727,Lazy,Dog,"wuh"
Walt,https://vignette.wikia.nocookie.net/animalcrossing/images/3/3a/NH-Walt_poster.png/revision/latest?cb=20200522183748,Cranky,Kangaroo,"pockets"
Wart Jr.,https://vignette.wikia.nocookie.net/animalcrossing/images/d/d7/NH-WartJr_poster.png/revision/latest?cb=20200522183806,Cranky,Frog,"grr-ribbit"
Weber,https://vignette.wikia.nocookie.net/animalcrossing/images/5/54/NH-Weber_poster.png/revision/latest?cb=20200522183823,Lazy,Duck,"quaa"
Wendy,https://vignette.wikia.nocookie.net/animalcrossing/images/4/4e/NH-Wendy_poster.png/revision/latest?cb=20200410184538,Peppy,Sheep,"lambkins"
Whitney,https://vignette.wikia.nocookie.net/animalcrossing/images/b/b0/NH-Whitney_poster.png/revision/latest?cb=20200410183425,Snooty,Wolf,"snappy"
Willow,https://vignette.wikia.nocookie.net/animalcrossing/images/0/05/NH-Willow_poster.png/revision/latest?cb=20200522183842,Snooty,Sheep,"bo peep"
Winnie,https://vignette.wikia.nocookie.net/animalcrossing/images/7/76/NH-Winnie_poster.png/revision/latest?cb=20200522184108,Peppy,Horse,"hay-OK"
Wolfgang,https://vignette.wikia.nocookie.net/animalcrossing/images/1/19/NH-Wolfgang_poster.png/revision/latest?cb=20200410183450,Cranky,Wolf,"snarrrl"
Yuka,https://vignette.wikia.nocookie.net/animalcrossing/images/b/b6/NH-Yuka_poster.png/revision/latest?cb=20200522183928,Snooty,Koala,"tsk tsk"
Zell,https://vignette.wikia.nocookie.net/animalcrossing/images/c/c8/NH-Zell_poster.png/revision/latest?cb=20200522183947,Smug,Deer,"pronk"
Zucker,https://vignette.wikia.nocookie.net/animalcrossing/images/1/10/NH-Zucker_poster.png/revision/latest?cb=20200522184009,Lazy,Octopus,"bloop"
